PersonID,FullName
256,Jascha Achterberg
205,Andrea Alamia
257,Stefano Anzellotti
206,Kanika Bansal
207,Caroline Bevalot
208,Sander M. Bohte
209,Leonardo Bonetti
210,Michael Bonner
258,Erie Boorman
211,Tiffany Bounmy
212,Matthias Brucklacher
213,Bhavin Choksi
259,Radoslaw Cichy
214,Anne Collins
215,Rhodri Cusack
216,Danny da Costa
260,Greg DeAngelis
217,Jorn Diedrichsen
261,John Duncan
218,Evelyn Eger
262,Eric Elmoznino
263,Brenden Eum
264,Mengting Fang
219,Vincent Ferrera
265,Meyniel Florent
266,Cedric Foucault
267,Alessandro Gifford
220,Rainer Goebel
221,Jacqueline Gottlieb
268,Margaret M. Henderson
269,Paul Henne
222,Conor Houghton
223,Leyla Isik
270,Leandro Jacob
224,Greg Jensen
225,Hyeon-Ae Jeon
226,Yuhao Jin
227,Sandeep Kaur
228,Alexander D. Kipnis
229,Robert Knight
230,Lukas Kornemann
231,Nikolaus Kriegeskorte
232,Laura Lewis
233,Italo Ivo Lima Dias Pinto
234,Bradley Love
271,Tzuhsuan Ma
272,James McClelland
235,Emalie McMahno
236,Jorge F. Mejias
237,Florent Meyniel
273,Benjamin Midler
238,Robert Mok
239,Gaia Molinaro
240,Milad Mozafari
241,Javier Omar Garcia
274,Kevin O'Neill
242,Jungtak Park
275,Seongmin Park
243,Cyriel M. A. Pennartz
244,David Ricardo Quiroga-Martinez
276,Harrison Ritz
277,Milena Rmus
245,Nuttida Rungratsmeetaweemana
246,Heiko Schutt
247,Mario Senden
248,Heike Sonnichsen
249,Alejandro Tabas
250,Anna Truzzi
251,Davide Turco
278,Pantelis Vafidis
252,Rufin VanRullen
279,Pieter Verbeke
280,Tom Verguts
253,Katharina von Kriegstein
254,Peter Vuust
281,Binxu Wang
282,Zhe-Xin Xu
255,Taehyun Yoo